Date,Open,High,Low,Close,Adj Close,Volume
28-06-2010,3.8,6.084,3.508,3.84,3.84,246560000
05-07-2010,4,4,2.996,3.48,3.48,127753000
12-07-2010,3.59,4.3,3.38,4.128,4.128,77194500
19-07-2010,4.274,4.45,3.9,4.258,4.258,35878500
26-07-2010,4.3,4.3,3.91,3.988,3.988,15260000
02-08-2010,4.1,4.436,3.904,3.918,3.918,21998500
09-08-2010,3.98,3.996,3.478,3.664,3.664,21083000
16-08-2010,3.69,3.918,3.652,3.82,3.82,12050500
23-08-2010,3.818,4.078,3.712,3.94,3.94,15389500
30-08-2010,3.94,4.26,3.866,4.21,4.21,11752500
06-09-2010,4.122,4.21,3.952,4.034,4.034,6473000
13-09-2010,4.178,4.632,3.96,4.046,4.046,27915500
20-09-2010,4.134,4.31,3.9,4.02,4.02,19767000
27-09-2010,4.08,4.43,4.01,4.12,4.12,31979500
04-10-2010,4.086,4.256,4.06,4.086,4.086,8489000
11-10-2010,4.088,4.206,4.006,4.108,4.108,6564500
18-10-2010,4.104,4.19,4,4.144,4.144,6493500
25-10-2010,4.188,4.374,4.102,4.368,4.368,8203500
01-11-2010,4.388,5.066,4.21,4.888,4.888,20179500
08-11-2010,4.9,6.1,4.806,5.968,5.968,46004000
15-11-2010,6.044,6.588,5.684,6.198,6.198,34135500
22-11-2010,6.314,7.2,6.3,7.064,7.064,24415500
29-11-2010,7.082,7.284,6.174,6.298,6.298,39172500
06-12-2010,6.27,6.584,5.912,6.304,6.304,20405500
13-12-2010,6.328,6.354,5.552,6.272,6.272,22610500
20-12-2010,6.328,6.572,5.984,6.018,6.018,18435000
27-12-2010,5.604,5.716,5,5.326,5.326,100682000
03-01-2011,5.368,5.716,5.18,5.648,5.648,41131000
10-01-2011,5.634,5.742,5.122,5.15,5.15,29664500
17-01-2011,5.096,5.128,4.474,4.608,4.608,37450500
24-01-2011,4.706,5.016,4.646,4.802,4.802,29703000
31-01-2011,4.81,4.946,4.63,4.692,4.692,15818000
07-02-2011,4.652,5.05,4.558,4.65,4.65,42531000
14-02-2011,4.728,5.098,4.512,4.636,4.636,56705000
21-02-2011,4.576,4.77,4.222,4.722,4.722,30359000
28-02-2011,4.748,4.998,4.7,4.99,4.99,25206000
07-03-2011,4.986,5.08,4.706,4.814,4.814,31530500
14-03-2011,4.764,4.8,4.36,4.592,4.592,26325000
21-03-2011,4.61,4.61,4.354,4.55,4.55,12238000
28-03-2011,4.54,5.742,4.51,5.332,5.332,87097000
04-04-2011,5.366,5.588,5.046,5.298,5.298,59176000
11-04-2011,5.294,5.306,4.84,5.116,5.116,29326000
18-04-2011,5.026,5.396,4.872,5.348,5.348,19029500
25-04-2011,5.34,5.574,5.194,5.52,5.52,27619000
02-05-2011,5.52,5.56,5.15,5.424,5.424,24716000
09-05-2011,5.4,5.79,5.33,5.51,5.51,23518500
16-05-2011,5.598,5.688,5.104,5.594,5.594,31085000
23-05-2011,5.524,5.952,5.234,5.91,5.91,55972000
30-05-2011,5.938,6.3,5.676,6.026,6.026,60079500
06-06-2011,6.02,6.026,5.404,5.572,5.572,42094500
13-06-2011,5.614,5.94,5.148,5.3,5.3,40940000
20-06-2011,5.258,5.65,5.1,5.514,5.514,46439500
27-06-2011,5.546,5.92,5.462,5.804,5.804,29810000
04-07-2011,5.804,6,5.71,5.762,5.762,22457000
11-07-2011,5.68,5.818,5.45,5.516,5.516,24776000
18-07-2011,5.468,6.088,5.326,5.858,5.858,32606500
25-07-2011,5.802,5.85,5.5,5.634,5.634,21396500
01-08-2011,5.734,5.84,4.566,4.848,4.848,47688500
08-08-2011,4.62,5.428,4.62,5.262,5.262,36758500
15-08-2011,5.324,5.35,4.4,4.46,4.46,21759500
22-08-2011,4.622,4.79,4.3,4.746,4.746,19905000
29-08-2011,4.844,5.1,4.536,4.614,4.614,18057000
05-09-2011,4.5,4.806,4.458,4.594,4.594,12220000
12-09-2011,4.5,5.168,4.49,5.16,5.16,20518000
19-09-2011,4.99,5.39,4.764,5.276,5.276,26288000
26-09-2011,5.304,5.398,4.698,4.878,4.878,22991500
03-10-2011,4.99,5.52,4.586,5.398,5.398,32668500
10-10-2011,5.462,5.71,5.4,5.61,5.61,25333000
17-10-2011,5.572,5.686,5.342,5.606,5.606,23447000
24-10-2011,5.574,6,5.48,5.974,5.974,21194500
31-10-2011,5.9,6.498,5.6,6.462,6.462,40935500
07-11-2011,6.328,6.9,6.06,6.728,6.728,40017500
14-11-2011,6.6,7,6.508,6.52,6.52,31510000
21-11-2011,6.488,6.558,6.21,6.332,6.332,12278000
28-11-2011,6.4,6.798,6.326,6.66,6.66,19328000
05-12-2011,6.706,7,5.922,6.208,6.208,36657500
12-12-2011,6.088,6.186,5.596,5.6,5.6,23233500
19-12-2011,5.618,5.7,5.206,5.58,5.58,25683000
26-12-2011,5.532,5.868,5.528,5.712,5.712,10903500
02-01-2012,5.788,5.9,5.282,5.382,5.382,17750000
09-01-2012,5.4,5.724,4.528,4.558,4.558,42354000
16-01-2012,5.324,5.548,5.25,5.32,5.32,39102000
23-01-2012,5.362,5.944,5.288,5.866,5.866,20416500
30-01-2012,5.898,6.266,5.706,6.23,6.23,18894000
06-02-2012,6.22,6.58,5.968,6.22,6.22,27243500
13-02-2012,6.31,6.994,6.18,6.994,6.994,46634500
20-02-2012,6.974,6.994,6.5,6.75,6.75,22853500
27-02-2012,6.682,6.9,6.6,6.808,6.808,15037000
05-03-2012,6.87,7.062,6.524,6.948,6.948,17962000
12-03-2012,6.938,7.318,6.92,7.064,7.064,25586500
19-03-2012,7.052,7.064,6.63,6.816,6.816,19414000
26-03-2012,7.118,7.99,7.008,7.448,7.448,41587500
02-04-2012,7.466,7.694,6.882,6.896,6.896,40589500
09-04-2012,6.82,6.896,6.402,6.718,6.718,31462000
16-04-2012,6.682,6.746,6.306,6.632,6.632,23174500
23-04-2012,6.572,6.726,6.2,6.668,6.668,16469000
30-04-2012,6.654,6.878,6.28,6.366,6.366,18295000
07-05-2012,6.392,6.936,5.874,6.45,6.45,64903500
14-05-2012,6.384,6.426,5.366,5.512,5.512,34946000
21-05-2012,5.516,6.268,5.424,5.962,5.962,34472000
28-05-2012,6.002,6.386,5.552,5.63,5.63,24808500
04-06-2012,5.606,6.038,5.422,6.016,6.016,19724500
11-06-2012,6.062,6.2,5.724,5.982,5.982,17840500
18-06-2012,5.988,6.9,5.9,6.758,6.758,52644000
25-06-2012,6.788,6.824,6.124,6.258,6.258,35997500
02-07-2012,6.27,6.36,6.038,6.198,6.198,21504500
09-07-2012,6.188,6.88,6.134,6.85,6.85,23690000
16-07-2012,6.864,7.2,6.212,6.358,6.358,50998000
23-07-2012,6.21,6.26,5.528,5.902,5.902,48323000
30-07-2012,5.902,6.05,5.104,5.454,5.454,38736000
06-08-2012,5.51,6.18,5.51,5.988,5.988,33021500
13-08-2012,5.938,6.26,5.762,6.002,6.002,16830500
20-08-2012,6.03,6.17,5.8,5.9,5.9,28083000
27-08-2012,5.914,5.94,5.6,5.704,5.704,23941000
03-09-2012,5.704,5.914,5.562,5.87,5.87,15933500
10-09-2012,5.84,6.13,5.46,6.078,6.078,33323500
17-09-2012,6.47,6.556,5.908,6.004,6.004,44161000
24-09-2012,5.902,6.206,5.496,5.856,5.856,73057500
01-10-2012,5.9,6.02,5.73,5.778,5.778,25730500
08-10-2012,5.772,5.88,5.5,5.528,5.528,20122500
15-10-2012,5.604,5.798,5.372,5.548,5.548,21922000
22-10-2012,5.598,5.712,5.404,5.476,5.476,16453500
29-10-2012,5.54,5.91,5.474,5.784,5.784,14148000
05-11-2012,5.96,6.41,5.866,6.064,6.064,41122000
12-11-2012,6.058,6.424,6.032,6.368,6.368,21591000
19-11-2012,6.414,6.694,6.34,6.426,6.426,18542000
26-11-2012,6.42,6.858,6.304,6.764,6.764,27277500
03-12-2012,6.778,7,6.7,6.834,6.834,26676500
10-12-2012,6.886,7.16,6.55,6.762,6.762,38702500
17-12-2012,6.754,7.052,6.716,6.8,6.8,30456000
24-12-2012,6.728,6.9,6.6,6.644,6.644,9762000
31-12-2012,6.6,7.09,6.6,6.88,6.88,16028500
07-01-2013,6.96,6.96,6.422,6.582,6.582,24548500
14-01-2013,6.616,6.97,6.57,6.904,6.904,44596500
21-01-2013,6.912,7.544,6.852,7.396,7.396,33713500
28-01-2013,7.372,7.742,7.372,7.66,7.66,31913500
04-02-2013,7.68,8,7.518,7.848,7.848,33339000
11-02-2013,7.596,7.83,7.39,7.408,7.408,47513500
18-02-2013,7.472,7.93,6.908,7.222,7.222,87042500
25-02-2013,7.23,7.35,6.76,6.93,6.93,55615000
04-03-2013,6.954,7.888,6.94,7.694,7.694,35325500
11-03-2013,7.774,7.898,7.042,7.058,7.058,44886000
18-03-2013,7.06,7.412,6.984,7.324,7.324,27120500
25-03-2013,7.42,7.704,7.354,7.578,7.578,33210000
01-04-2013,8.472,9.336,8.042,8.274,8.274,151058500
08-04-2013,8.394,9.028,8.066,8.75,8.75,60465000
15-04-2013,8.7,9.976,8.502,9.566,9.566,66799500
22-04-2013,9.72,10.748,9.55,10.24,10.24,83606000
29-04-2013,10.352,11.636,10.24,10.91,10.91,91671000
06-05-2013,11.278,16.200001,11.024,15.352,15.352,374076000
13-05-2013,16.198,19.424,15.622,18.299999,18.299999,585378500
20-05-2013,18.224001,19.59,16.610001,19.416,19.416,270305000
27-05-2013,20.309999,22.98,19.546,19.552,19.552,380485500
03-06-2013,19.524,20.58,17.65,20.408001,20.408001,302215000
10-06-2013,19.785999,20.504,18.809999,20.059999,20.059999,191708000
17-06-2013,20.719999,21.426001,19.5,19.91,19.91,231327500
24-06-2013,19.299999,22.049999,19.059999,21.472,21.472,170323000
01-07-2013,21.872,24.378,21.83,24.018,24.018,172965500
08-07-2013,24.274,25.988001,23.764,25.98,25.98,204226000
15-07-2013,26.606001,26.652,20.9,23.936001,23.936001,428058500
22-07-2013,23.978001,26.136,23.912001,25.878,25.878,196603000
29-07-2013,25.864,27.65,25.636,27.6,27.6,203755500
05-08-2013,28.002001,31.775999,26.472,30.6,30.6,369209500
12-08-2013,29.886,30.1,27,28.4,28.4,263211000
19-08-2013,28.686001,32.459999,28.566,32.368,32.368,221232500
26-08-2013,33.029999,34.599998,32.049999,33.799999,33.799999,384712500
02-09-2013,34.68,34.740002,33.029999,33.394001,33.394001,194209000
09-09-2013,32.624001,33.580002,31.702,33.108002,33.108002,203530000
16-09-2013,33.599998,37.166,32.672001,36.678001,36.678001,237539000
23-09-2013,36.896,38.256001,35.422001,38.18,38.18,176151500
30-09-2013,37.799999,38.900002,33.599998,36.195999,36.195999,378432500
07-10-2013,36.492001,37.346001,32.299999,35.740002,35.740002,288771500
14-10-2013,35,37.757999,34.830002,36.68,36.68,197946500
21-10-2013,36.655998,36.678001,32.029999,33.931999,33.931999,273302000
28-10-2013,34.035999,34.099998,30.6,32.433998,32.433998,234348000
04-11-2013,33,36.285999,26.464001,27.59,27.59,557109000
11-11-2013,28.200001,29.084,26.822001,27.09,27.09,318725000
18-11-2013,27.054001,27.09,23.586,24.275999,24.275999,399022500
25-11-2013,24.9,26.118,23.219999,25.455999,25.455999,231183000
02-12-2013,25.27,28.988001,24.785999,27.472,27.472,318896500
09-12-2013,27.4,30.360001,26.841999,29.530001,29.530001,241536000
16-12-2013,29.695999,30.98,27.82,28.648001,28.648001,244524000
23-12-2013,28.969999,31.6,28.52,30.224001,30.224001,139583500
30-12-2013,30.224001,30.962,29.309999,29.912001,29.912001,98066500
06-01-2014,30,30.74,28.450001,29.143999,29.143999,146932500
13-01-2014,29.156,34.639999,27.334,34.001999,34.001999,377771500
20-01-2014,34.248001,36.476002,34.161999,34.919998,34.919998,161445000
27-01-2014,35.032001,37.200001,32.942001,36.282001,36.282001,179095500
03-02-2014,36.577999,37.326,33.872002,37.306,37.306,167446500
10-02-2014,37.868,40.543999,37.863998,39.646,39.646,215208000
17-02-2014,41.048,43.042,38.681999,41.919998,41.919998,256614500
24-02-2014,41.751999,53,41.664001,48.962002,48.962002,490501500
03-03-2014,47.452,52,46.998001,49.242001,49.242001,214720000
10-03-2014,48.540001,49.5,45.664001,46.194,46.194,204093000
17-03-2014,46.990002,48.310001,45.5,45.778,45.778,146305000
24-03-2014,45.950001,45.98,40.599998,42.473999,42.473999,226410000
31-03-2014,43.299999,47.146,41.278,42.445999,42.445999,244015000
07-04-2014,41.161999,43.689999,39.720001,40.756001,40.756001,190907000
14-04-2014,41.52,41.688,36.863998,39.624001,39.624001,172456500
21-04-2014,39.416,43.866001,38.799999,39.970001,39.970001,174252000
28-04-2014,40,42.804001,38.099998,42.181999,42.181999,133942000
05-05-2014,41.896,43.731998,35.444,36.452,36.452,247574000
12-05-2014,36.773998,38.695999,35.976002,38.312,38.312,150171500
19-05-2014,38.144001,41.551998,38,41.459999,41.459999,128122500
26-05-2014,41.703999,42.959999,41.051998,41.554001,41.554001,100549000
02-06-2014,41.466,42.161999,40.080002,41.633999,41.633999,95423500
09-06-2014,41.59,41.998001,39.849998,41.284,41.284,99179500
16-06-2014,41.352001,47.108002,41.251999,45.917999,45.917999,235942500
23-06-2014,45.902,48.375999,45.644001,47.812,47.812,162125000
30-06-2014,47.91,48.897999,44.799999,45.849998,45.849998,111794000
07-07-2014,45.5,45.956001,42.854,43.625999,43.625999,130057500
14-07-2014,43.998001,45.757999,42.720001,44.004002,44.004002,129346500
21-07-2014,43.450001,45.394001,43.344002,44.714001,44.714001,79840500
28-07-2014,44.849998,47.5,44.208,46.653999,46.653999,172347000
04-08-2014,46.875999,51.338001,46.653999,49.625999,49.625999,165833000
11-08-2014,51.096001,53.127998,50.916,52.402,52.402,147053500
18-08-2014,52.650002,53.452,50.324001,51.355999,51.355999,99804500
25-08-2014,51.638,54.400002,51.638,53.939999,53.939999,102066000
01-09-2014,55.099998,58.284,54.501999,55.478001,55.478001,180681500
08-09-2014,55.523998,57.098,54.731998,55.84,55.84,104662000
15-09-2014,54.874001,54.880001,49.826,51.863998,51.863998,202183500
22-09-2014,51,51.203999,48.942001,49.32,49.32,131259500
29-09-2014,48.799999,51.299999,47.130001,51.042,51.042,147186000
06-10-2014,51.826,53.108002,47.040001,47.382,47.382,187517500
13-10-2014,47.714001,47.792,43.464001,45.495998,45.495998,217350000
20-10-2014,45.344002,47.560001,45.102001,47.048,47.048,93485000
27-10-2014,46.849998,48.919998,44.062,48.34,48.34,160179000
03-11-2014,48.599998,49.512001,45.700001,48.040001,48.040001,187240000
10-11-2014,47.821999,51.77,47.360001,51.736,51.736,153669500
17-11-2014,51.498001,51.998001,48.433998,48.556,48.556,137447500
24-11-2014,49.040001,49.944,48.127998,48.903999,48.903999,60252000
01-12-2014,48.231998,48.493999,44.452,44.742001,44.742001,148666500
08-12-2014,44.307999,44.972,40.854,41.400002,41.400002,199197000
15-12-2014,41.858002,44.080002,38.529999,43.858002,43.858002,177030000
22-12-2014,44,45.700001,43.652,45.563999,45.563999,69821500
29-12-2014,45.380001,45.582001,42.652,43.862,43.862,63838000
05-01-2015,42.91,43.299999,40.841999,41.332001,41.332001,113548000
12-01-2015,40.610001,41.521999,37,38.613998,38.613998,153996000
19-01-2015,38.773998,40.700001,37.408001,40.257999,40.257999,81058500
26-01-2015,40.366001,41.723999,39.299999,40.720001,40.720001,78601000
02-02-2015,40.793999,45.096001,40.66,43.472,43.472,95238000
09-02-2015,43.076,44.099998,38.655998,40.754002,40.754002,202363000
16-02-2015,41.139999,43.52,40.299999,43.422001,43.422001,89147000
23-02-2015,43.132,43.639999,40.34,40.667999,40.667999,146839500
02-03-2015,40.540001,41.237999,38.43,38.776001,38.776001,140829000
09-03-2015,38.877998,39.236,37.464001,37.736,37.736,134374500
16-03-2015,38.400002,40.917999,37.959999,39.616001,39.616001,140442500
23-03-2015,39.700001,40.757999,36.279999,37,37,123724000
30-03-2015,37.169998,38.751999,36.360001,38.200001,38.200001,119605500
06-04-2015,39.599998,42.330002,39.5,42.18,42.18,154873500
13-04-2015,42.088001,42.599998,40.700001,41.358002,41.358002,64328000
20-04-2015,41.355999,44.375999,40.77,43.686001,43.686001,103469000
27-04-2015,44.512001,47.75,44.082001,45.206001,45.206001,154438500
04-05-2015,45.636002,47.900002,44.049999,47.321999,47.321999,148132500
11-05-2015,47.257999,49.880001,47.062,49.768002,49.768002,124497000
18-05-2015,49.400002,50.200001,48.273998,49.546001,49.546001,74883500
25-05-2015,49.535999,50.574001,49.009998,50.16,50.16,71717500
01-06-2015,50.282001,50.32,49.136002,49.827999,49.827999,59485000
08-06-2015,50.169998,51.75,49.700001,50.138,50.138,72745000
15-06-2015,49.939999,52.872002,49.202,52.501999,52.501999,74647500
22-06-2015,52.43,54.282001,51.138,53.417999,53.417999,87659000
29-06-2015,52.389999,56.490002,52.139999,56.004002,56.004002,79154500
06-07-2015,55.776001,56.338001,50.862,51.830002,51.830002,111965500
13-07-2015,52.450001,55.108002,51.209999,54.931999,54.931999,67548000
20-07-2015,55,57.330002,52.172001,53.082001,53.082001,96279500
27-07-2015,52.486,53.872002,50.158001,53.23,53.23,78186500
03-08-2015,53.257999,54.200001,47.223999,48.501999,48.501999,154087500
10-08-2015,47.630001,49.585999,46.548,48.630001,48.630001,106164000
17-08-2015,51.112,52.189999,46.102001,46.153999,46.153999,132360000
24-08-2015,40.557999,50.290001,39,49.695999,49.695999,160208000
31-08-2015,49.124001,50.990002,47.394001,48.386002,48.386002,113341000
07-09-2015,49.009998,50.849998,48.810001,50.048,50.048,57944000
14-09-2015,50.220001,53.099998,49.900002,52.124001,52.124001,87952000
21-09-2015,52.796001,54.313999,51.16,51.382,51.382,98035000
28-09-2015,51.470001,51.958,46.986,49.514,49.514,112654500
05-10-2015,49.768002,49.967999,43.672001,44.138,44.138,140103500
12-10-2015,44.598,46.096001,42.226002,45.402,45.402,96454500
19-10-2015,45.299999,46.23,40.400002,41.818001,41.818001,143100500
26-10-2015,42.276001,43.419998,40.778,41.386002,41.386002,79416500
02-11-2015,41.784,46.916,41.444,46.472,46.472,159644500
09-11-2015,46.598,46.598,41.304001,41.438,41.438,90809500
16-11-2015,41.217999,45.237999,41.16,44.001999,44.001999,73955500
23-11-2015,43.470001,46.450001,42.936001,46.321999,46.321999,54733500
30-11-2015,46.358002,47.720001,45.532001,46.076,46.076,74442500
07-12-2015,45.540001,47.125999,43.327999,43.403999,43.403999,71150000
14-12-2015,43.501999,47.551998,42.973999,46.091999,46.091999,82443000
21-12-2015,46.338001,47.310001,45.625999,46.113998,46.113998,30888500
28-12-2015,46.298,48.726002,45.108002,48.001999,48.001999,53602500
04-01-2016,46.144001,46.276001,42.153999,42.200001,42.200001,104877000
11-01-2016,42.801998,42.889999,38.675999,40.998001,40.998001,116895000
18-01-2016,41.742001,42.094002,38.25,40.509998,40.509998,80838000
25-01-2016,40.012001,40.714001,36.481998,38.240002,38.240002,93626000
01-02-2016,37.751999,39.903999,31.548,32.52,32.52,164128000
08-02-2016,31.42,32.652,28.209999,30.208,30.208,249296500
15-02-2016,31.74,34.59,30.822001,33.316002,33.316002,91330000
22-02-2016,34.023998,38.400002,33.568001,38.068001,38.068001,141279500
29-02-2016,38.48,40.806,36.299999,40.208,40.208,136958500
07-03-2016,39.535999,42.658001,39.48,41.5,41.5,106261500
14-03-2016,42.529999,46.896,42.127998,46.548,46.548,96288000
21-03-2016,47.068001,47.976002,43,45.549999,45.549999,97667500
28-03-2016,46.321999,49.580002,45,47.518002,47.518002,179917000
04-04-2016,49.824001,53.868,48,50.014,50.014,256748000
11-04-2016,50.200001,51.798,48.726002,50.902,50.902,138675500
18-04-2016,50.445999,51.661999,48.25,50.75,50.75,111962000
25-04-2016,50.602001,51.476002,47.562,48.152,48.152,90163500
02-05-2016,48.299999,48.638,41.622002,42.986,42.986,168933000
09-05-2016,43.144001,43.23,40.731998,41.521999,41.521999,102411000
16-05-2016,41.630001,44.110001,40.804001,44.056,44.056,136419500
23-05-2016,43.973999,45.186001,43.035999,44.608002,44.608002,94829000
30-05-2016,44.608002,44.950001,43.377998,43.798,43.798,50167500
06-06-2016,43.599998,48.169998,43.09,43.757999,43.757999,124769000
13-06-2016,43.900002,45.153999,42.506001,43.094002,43.094002,81173000
20-06-2016,43.900002,44.75,37.945999,38.630001,38.630001,244920500
27-06-2016,38.172001,43.647999,37.574001,43.299999,43.299999,148279000
04-07-2016,41.945999,43.962002,41.599998,43.355999,43.355999,88910000
11-07-2016,43.992001,45.5,43.902,44.080002,44.080002,92391000
18-07-2016,43.928001,45.959999,43.66,44.453999,44.453999,80520500
25-07-2016,44.453999,47.056,44.273998,46.958,46.958,81498000
01-08-2016,47.099998,47.326,44.279999,46.006001,46.006001,95953500
08-08-2016,45.599998,46.307999,44.681999,45.122002,45.122002,52520500
15-08-2016,45.203999,45.900002,44.458,45,45,47312500
22-08-2016,44.834,45.698002,43.764,43.998001,43.998001,67110500
29-08-2016,44.029999,44.080002,39.240002,39.556,39.556,118161000
05-09-2016,39.804001,41.299999,38.740002,38.894001,38.894001,75832000
12-09-2016,39,41.139999,38.689999,41.080002,41.080002,78720500
19-09-2016,41.400002,42.035999,40.312,41.490002,41.490002,63158000
26-09-2016,41.299999,42.200001,39.91,40.806,40.806,65846500
03-10-2016,42.459999,43.133999,39.16,39.321999,39.321999,98076500
10-10-2016,40.27,40.827999,39.259998,39.301998,39.301998,71899500
17-10-2016,39.41,41.332001,38.400002,40.018002,40.018002,126210500
24-10-2016,40.200001,42.740002,39.966,39.993999,39.993999,141016000
31-10-2016,40.498001,40.498001,37.192001,38.112,38.112,119023500
07-11-2016,38.717999,39.498001,36.084,37.712002,37.712002,130248000
14-11-2016,37.599998,38.599998,35.638,37.004002,37.004002,119930000
21-11-2016,37.007999,39.448002,36.742001,39.330002,39.330002,86112000
28-11-2016,39.096001,39.869999,36,36.293999,36.293999,108421500
05-12-2016,36.501999,38.768002,36.501999,38.436001,38.436001,94211500
12-12-2016,38.560001,40.599998,38.236,40.498001,40.498001,102151000
19-12-2016,40.498001,42.689999,39.967999,42.667999,42.667999,105832000
26-12-2016,42.976002,44.759998,42.335999,42.737999,42.737999,91929000
02-01-2017,42.972,46.062,42.192001,45.801998,45.801998,142882000
09-01-2017,45.793999,47.57,45.116001,47.549999,47.549999,105867500
16-01-2017,47.34,49.736,46.874001,48.945999,48.945999,101615500
23-01-2017,49.169998,51.692001,49.099998,50.59,50.59,113447000
30-01-2017,50.506001,51.178001,49.419998,50.265999,50.265999,82812500
06-02-2017,50.200001,54.236,50.125999,53.846001,53.846001,115901000
13-02-2017,54.147999,57.478001,52.830002,54.445999,54.445999,163285500
20-02-2017,55.09,56.689999,50.040001,51.400002,51.400002,187592500
27-02-2017,49.633999,50.970001,48.402,50.313999,50.313999,143098000
06-03-2017,49.582001,50.778,48.599998,48.737999,48.737999,87429000
13-03-2017,48.964001,53.150002,48.556,52.299999,52.299999,147907500
20-03-2017,52.119999,52.959999,50.048,52.632,52.632,117748500
27-03-2017,52.119999,56.400002,51.950001,55.66,55.66,126688000
03-04-2017,57.380001,60.976002,56.916,60.507999,60.507999,210021500
10-04-2017,61.830002,62.745998,59.060001,60.799999,60.799999,143622000
17-04-2017,60.540001,61.830002,59.580002,61.119999,61.119999,108658000
24-04-2017,61.844002,62.959999,61.172001,62.813999,62.813999,122451500
01-05-2017,62.976002,65.531998,58.152,61.669998,61.669998,218375500
08-05-2017,62.18,65.400002,61.164001,64.961998,64.961998,156500000
15-05-2017,63.675999,64.040001,61.062,62.166,62.166,144139000
22-05-2017,62.560001,65.098,60.695999,65.028,65.028,132485500
29-05-2017,65.199997,68.975998,65.152,67.970001,67.970001,154722500
05-06-2017,67.699997,75.374001,66.842003,71.463997,71.463997,267960500
12-06-2017,71.598,76.849998,70.124001,74.279999,74.279999,261507500
19-06-2017,75,77.398003,73.559998,76.690002,76.690002,164434000
26-06-2017,77.337997,77.389999,70.82,72.321999,72.321999,169862500
03-07-2017,74.047997,74.269997,61.259998,62.644001,62.644001,284267500
10-07-2017,62.580002,66.620003,60.625999,65.556,65.556,249730500
17-07-2017,65.108002,66.330002,62.689999,65.68,65.68,163377000
24-07-2017,66.047997,69.5,65.258003,67.014,67.014,168149500
31-07-2017,67.099998,71.454002,62.243999,71.382004,71.382004,263668000
07-08-2017,71.470001,74,70.550003,71.573997,71.573997,160625500
14-08-2017,72.926003,73.531998,69.160004,69.491997,69.491997,107270000
21-08-2017,69.164001,71.332001,66.370003,69.610001,69.610001,119203000
28-08-2017,69.456001,71.688004,67.75,71.080002,71.080002,91864500
04-09-2017,70.760002,71.098,68.311996,68.68,68.68,77146000
11-09-2017,70.269997,76,70,75.961998,75.961998,152241000
18-09-2017,76.050003,77.921997,70.176003,70.218002,70.218002,156683000
25-09-2017,70.629997,71.494003,67.080002,68.220001,68.220001,156246000
02-10-2017,68.503998,72.019997,66.255997,71.375999,71.375999,160365500
09-10-2017,69.93,71.956001,68.533997,71.113998,71.113998,133002500
16-10-2017,70.751999,72.599998,68.867996,69.019997,69.019997,118000500
23-10-2017,69.975998,69.989998,63.332001,64.174004,64.174004,154181500
30-10-2017,63.835999,66.522003,58.526001,61.217999,61.217999,235347000
06-11-2017,61.400002,61.672001,59.259998,60.598,60.598,132890500
13-11-2017,60.026001,65.334,59.821999,63.009998,63.009998,193984500
20-11-2017,62.757999,63.646,60.950001,63.110001,63.110001,118353500
27-11-2017,62.650002,64,60.245998,61.306,61.306,134586500
04-12-2017,61.299999,63.726002,60,63.026001,63.026001,129630000
11-12-2017,62.925999,69.487999,62.75,68.690002,68.690002,178129000
18-12-2017,68.980003,69.346001,64.963997,65.040001,65.040001,134280000
25-12-2017,64.765999,64.788002,61.908001,62.27,62.27,85920000
01-01-2018,62.400002,65.050003,61.136002,63.316002,63.316002,117056000
08-01-2018,63.200001,68.961998,63.099998,67.244003,67.244003,163932500
15-01-2018,67.508003,70.459999,66.959999,70.003998,70.003998,120759500
22-01-2018,69.879997,72.099998,67.141998,68.57,68.57,141215000
29-01-2018,67.970001,71.931999,67.655998,68.75,68.75,117907000
05-02-2018,67.594002,69.723999,58.952,62.084,62.084,198850000
12-02-2018,63.226002,68.624001,61.25,67.098,67.098,131471000
19-02-2018,66.893997,70.998001,66.300003,70.410004,70.410004,100081000
26-02-2018,70.699997,71.998001,64.594002,67.024002,67.024002,135927500
05-03-2018,66.477997,67.550003,64.348,65.433998,65.433998,110949000
12-03-2018,65.722,69.442001,63.813999,64.269997,64.269997,174396500
19-03-2018,63.299999,64.487999,60.09,60.307999,60.307999,149008500
26-03-2018,61.467999,61.518002,49.641998,53.226002,53.226002,292096500
02-04-2018,51.251999,61.855999,48.917999,59.860001,59.860001,437482500
09-04-2018,60.074001,61.900002,57.841999,60.068001,60.068001,218292500
16-04-2018,59.799999,60.202,56.501999,58.048,58.048,158073500
23-04-2018,58.257999,58.894001,55.299999,58.816002,58.816002,116564500
30-04-2018,58.722,61.369999,55.046001,58.818001,58.818001,218728500
07-05-2018,59.5,62.598,59.034,60.212002,60.212002,153334000
14-05-2018,60.664001,60.987999,54.799999,55.363998,55.363998,170762500
21-05-2018,56.265999,58.298,54.683998,55.77,55.77,160826500
28-05-2018,55.702,59.001999,55.23,58.363998,58.363998,122502000
04-06-2018,58.868,66,57.348,63.532001,63.532001,260554000
11-06-2018,64.501999,72.933998,64.5,71.634003,71.634003,334150000
18-06-2018,71.080002,74.746002,66.400002,66.725998,66.725998,257260000
25-06-2018,66.024002,71.403999,65.160004,68.589996,68.589996,188039500
02-07-2018,72.014,72.956001,59.243999,61.779999,61.779999,286921500
09-07-2018,62.397999,65.536003,61.599998,63.773998,63.773998,167717000
16-07-2018,62.341999,65.099998,61.25,62.716,62.716,157583000
23-07-2018,60.368,62.139999,58.509998,59.436001,59.436001,189964500
30-07-2018,59.18,71,57.226002,69.634003,69.634003,294459500
06-08-2018,69.092003,77.491997,67.830002,71.098,71.098,463735500
13-08-2018,72.225998,72.638,60.706001,61.099998,61.099998,257871000
20-08-2018,58.34,65.463997,57.639999,64.564003,64.564003,226352000
27-08-2018,63.599998,64.487999,59.543999,60.332001,60.332001,203838000
03-09-2018,59.388,59.638,50.450001,52.647999,52.647999,230220000
10-09-2018,54.652,59.466,54.200001,59.040001,59.040001,232874000
17-09-2018,58.007999,61.195999,55.099998,59.82,59.82,220649500
24-09-2018,59.695999,62.992001,52.112,52.953999,52.953999,296633500
01-10-2018,61.153999,63.368,52,52.389999,52.389999,346374000
08-10-2018,52.903999,53.551998,49.554001,51.756001,51.756001,268588500
15-10-2018,51.812,56.540001,50.700001,52,52,195893000
22-10-2018,52.136002,67.980003,50.518002,66.18,66.18,464763000
29-10-2018,67.494003,69.839996,64.452003,69.281998,69.281998,235225500
05-11-2018,68.099998,71.515999,66.028,70.101997,70.101997,170789500
12-11-2018,69.674004,71.139999,66.068001,70.862,70.862,146311500
19-11-2018,71.267998,73.349998,65.110001,65.166,65.166,133015000
26-11-2018,65,70.32,65,70.096001,70.096001,135939000
03-12-2018,72,75.898003,70.152,71.594002,71.594002,180610500
10-12-2018,72,75.573997,70.624001,73.141998,73.141998,158264000
17-12-2018,72.400002,73.139999,62.374001,63.953999,63.953999,200684500
24-12-2018,62.700001,67.248001,58.818001,66.774002,66.774002,161185500
31-12-2018,67.557999,67.842003,59.476002,63.537998,63.537998,161601000
07-01-2019,64.344002,69.681999,63.549999,69.452003,69.452003,155440500
14-01-2019,68.475998,70.400002,59.945999,60.452,60.452,219115500
21-01-2019,60.964001,61.599998,55.855999,59.408001,59.408001,199292500
28-01-2019,58.582001,63.220001,57.549999,62.442001,62.442001,210739500
04-02-2019,62.596001,64.848,59.700001,61.16,61.16,157491000
11-02-2019,62.32,63.720001,60.200001,61.576,61.576,134473000
18-02-2019,61.312,62.307999,58.099998,58.942001,58.942001,129801500
25-02-2019,59.582001,64,57.754002,58.958,58.958,299125000
04-03-2019,59.624001,59.799999,54.02,56.827999,56.827999,322295500
11-03-2019,56.703999,59.077999,54.880001,55.085999,55.085999,218150000
18-03-2019,55.200001,55.610001,52.692001,52.905998,52.905998,218412500
25-03-2019,51.942001,56.066002,50.891998,55.972,55.972,195552500
01-04-2019,56.523998,59.234001,52.118,54.992001,54.992001,291338500
08-04-2019,55.537998,56.231998,53.119999,53.540001,53.540001,199788000
15-04-2019,53.726002,55,51.726002,54.652,54.652,141571500
22-04-2019,53.799999,53.936001,46.226002,47.028,47.028,390143000
29-04-2019,47.172001,51.321999,46.299999,51.006001,51.006001,393748000
06-05-2019,50.004002,51.669998,47.203999,47.903999,47.903999,204307000
13-05-2019,46.402,46.900002,41.784,42.206001,42.206001,253266000
20-05-2019,40.560001,41.48,37.243999,38.125999,38.125999,489495000
27-05-2019,38.240002,39,36.82,37.032001,37.032001,203073500
03-06-2019,37.102001,42.200001,35.397999,40.900002,40.900002,383142000
10-06-2019,42.049999,44.675999,41.501999,42.984001,42.984001,265188500
17-06-2019,43.096001,46.948002,42.854,44.372002,44.372002,258366500
24-06-2019,44.647999,45.445999,43.470001,44.692001,44.692001,168156000
01-07-2019,46.042,48.313999,44.444,46.619999,46.619999,193696000
08-07-2019,46.248001,49.076,45.456001,49.015999,49.015999,189659500
15-07-2019,49.599998,51.992001,48.972,51.636002,51.636002,203604000
22-07-2019,51.75,53.214001,44.450001,45.608002,45.608002,276921500
29-07-2019,45.417999,49.335999,45.206001,46.868,46.868,204782500
05-08-2019,45.919998,47.959999,45.150002,47.001999,47.001999,132707500
12-08-2019,46.598,47.200001,42.310001,43.987999,43.987999,161663500
19-08-2019,44.841999,45.818001,42.200001,42.279999,42.279999,161633500
26-08-2019,42.720001,46.487999,42.307999,45.122002,45.122002,140968500
02-09-2019,44.816002,45.959999,43.841999,45.490002,45.490002,113499000
09-09-2019,46,50.700001,45.787998,49.040001,49.040001,168117500
16-09-2019,49.200001,49.633999,47.632,48.124001,48.124001,119562500
23-09-2019,48,49.742001,43.672001,48.425999,48.425999,248298500
30-09-2019,48.599998,49.189999,44.855999,46.285999,46.285999,203766500
07-10-2019,45.959999,50.216,45.709999,49.577999,49.577999,191977500
14-10-2019,49.580002,52.956001,49.425999,51.389999,51.389999,169205000
21-10-2019,51.666,66,50.035999,65.625999,65.625999,373046000
28-10-2019,65.508003,68.167999,61.959999,62.661999,62.661999,263236500
04-11-2019,62.959999,68.300003,61.852001,67.428001,67.428001,221039000
11-11-2019,68.790001,71.265999,68.400002,70.433998,70.433998,185200500
18-11-2019,70.584,72.239998,66,66.608002,66.608002,209154500
25-11-2019,68.863998,68.914001,65.419998,65.987999,65.987999,141540500
02-12-2019,65.879997,67.772003,65.449997,67.178001,67.178001,147591000
09-12-2019,67.318001,73.042,67.015999,71.678001,71.678001,195420000
16-12-2019,72.510002,82.599998,72.5,81.117996,81.117996,368259000
23-12-2019,82.356003,87.061996,82,86.075996,86.075996,209769500
30-12-2019,85.758003,90.800003,80.416,88.601997,88.601997,250913500
06-01-2020,88.094002,99.760002,88,95.629997,95.629997,502796500
13-01-2020,98.699997,109.482002,98.400002,102.099998,102.099998,541242000
20-01-2020,106.050003,118.900002,105.681999,112.963997,112.963997,415885500
27-01-2020,108.398003,130.600006,107.856003,130.113998,130.113998,439615500
03-02-2020,134.738007,193.798004,134.703995,149.613998,149.613998,1066859500
10-02-2020,160,163.998001,147,160.005997,160.005997,451961000
17-02-2020,168.320007,188.955994,166.472,180.199997,180.199997,368772000
24-02-2020,167.800003,172.699997,122.304001,133.598007,133.598007,475341500
02-03-2020,142.251999,161.395996,136.854004,140.695999,140.695999,422718000
09-03-2020,121.078003,133.600006,100.400002,109.323997,109.323997,437700000
16-03-2020,93.900002,98.973999,70.101997,85.505997,85.505997,633756500
23-03-2020,86.720001,112,82.099998,102.872002,102.872002,461652500
30-03-2020,102.052002,108.592003,89.279999,96.001999,96.001999,427716500
06-04-2020,102.239998,115.036003,99.592003,114.599998,114.599998,295638000
13-04-2020,118.031998,154.990005,116.106003,150.778,150.778,552075000
20-04-2020,146.539993,153.113998,134.757996,145.029999,145.029999,377849500
27-04-2020,147.522003,173.964005,136.608002,140.264008,140.264008,565615500
04-05-2020,140.199997,164.800003,139.600006,163.884003,163.884003,374831000
11-05-2020,158.102005,168.658005,152.660004,159.834,159.834,378463000
18-05-2020,165.556,166.944,159.199997,163.376007,163.376007,254268500
25-05-2020,166.899994,167,157,167,167,193296500
01-06-2020,171.600006,181.731995,170.820007,177.132004,177.132004,265771000
08-06-2020,183.800003,205.496002,181.832001,187.056,187.056,384031000
15-06-2020,183.557999,203.839996,181.699997,200.179993,200.179993,290353500
22-06-2020,199.990005,202.399994,187.429993,191.947998,191.947998,208983500
29-06-2020,193.802002,245.600006,189.703995,241.731995,241.731995,282609500
06-07-2020,255.337997,309.783997,253.207993,308.929993,308.929993,467130500
13-07-2020,331.799988,358.997986,286.200012,300.167999,300.167999,512010500
20-07-2020,303.802002,337.799988,273.308014,283.399994,283.399994,455574000
27-07-2020,287,312.940002,282.600006,286.152008,286.152008,305567500
03-08-2020,289.839996,305.481995,283.002014,290.541992,290.541992,185304000
10-08-2020,289.600006,333.76001,273,330.141998,330.141998,354902000
17-08-2020,335.399994,419.097992,334.56601,409.996002,409.996002,455117500
24-08-2020,425.256012,463.697998,385.503998,442.679993,442.679993,443680500
31-08-2020,444.609985,502.48999,372.019989,418.320007,418.320007,502309600
07-09-2020,356,398.98999,329.880005,372.720001,372.720001,340579600
14-09-2020,380.950012,461.940002,373.299988,442.149994,442.149994,415784100
21-09-2020,453.130005,455.679993,351.299988,407.339996,407.339996,447901400
28-09-2020,424.619995,448.880005,411.600006,415.089996,415.089996,270256000
05-10-2020,423.350006,439,406.049988,434,434,206343600
12-10-2020,442,465.899994,436.600006,439.670013,439.670013,189582800
19-10-2020,446.23999,447,407.380005,420.630005,420.630005,174024800
26-10-2020,411.630005,430.5,379.109985,388.040009,388.040009,141543700
02-11-2020,394,440,392.299988,429.950012,429.950012,145636400
09-11-2020,439.5,452.5,396.029999,408.5,408.5,122101100
16-11-2020,408.929993,508.609985,404.089996,489.609985,489.609985,261458100
23-11-2020,503.5,598.780029,501.790009,585.76001,585.76001,190400100
30-11-2020,602.210022,607.799988,541.210022,599.039978,599.039978,222835600
07-12-2020,604.919983,654.320007,566.340027,609.98999,609.98999,305424100
14-12-2020,619,695,605,695,695,417604200
21-12-2020,666.23999,668.5,614.22998,661.77002,661.77002,165799900
28-12-2020,674.51001,718.719971,655,705.669983,705.669983,147685300
04-01-2021,719.460022,884.48999,717.190002,880.02002,880.02002,252137800
11-01-2021,849.400024,868,803.619995,826.159973,826.159973,208928700
18-01-2021,837.799988,859.5,828.619995,846.640015,846.640015,91620500
25-01-2021,855,900.400024,780.099976,793.530029,793.530029,153007800
01-02-2021,814.289978,880.5,795.559998,852.22998,852.22998,102460400
08-02-2021,869.669983,877.77002,785.330017,816.119995,816.119995,116926600
15-02-2021,818,821,762.01001,781.299988,781.299988,82714200
22-02-2021,762.640015,768.5,619,675.5,675.5,220756700
01-03-2021,690.109985,721.109985,539.48999,597.950012,597.950012,236392400
08-03-2021,600.549988,717.849976,558.789978,693.72998,693.72998,249753700
15-03-2021,694.090027,713.179993,624.619995,654.869995,654.869995,178022600
22-03-2021,684.590027,699.619995,599.890015,618.710022,618.710022,176877000
29-03-2021,615.640015,692.419983,591.01001,661.75,661.75,136705100
05-04-2021,707.710022,708.159973,667.840027,677.02002,677.02002,141785400
12-04-2021,685.700012,780.789978,682.090027,739.780029,739.780029,178634300
19-04-2021,719.599976,753.77002,691.799988,729.400024,729.400024,170471000
26-04-2021,741,749.299988,666.140015,709.440002,709.440002,152350600
03-05-2021,703.799988,706,650,672.369995,672.369995,129938100
10-05-2021,664.900024,665.049988,559.650024,589.73999,589.73999,189275700
17-05-2021,575.549988,596.679993,546.97998,580.880005,580.880005,165651100
24-05-2021,581.599976,635.590027,573.650024,625.219971,625.219971,140310900
31-05-2021,627.799988,633.799988,571.219971,599.049988,599.049988,95536500
07-06-2021,591.830017,623.090027,582.880005,609.890015,609.890015,105306600
14-06-2021,612.22998,628.349976,593.5,623.309998,623.309998,107594500
21-06-2021,624.47998,697.619995,608.880005,671.869995,671.869995,153549900
28-06-2021,671.640015,700,670.320007,678.900024,678.900024,103623400
05-07-2021,681.710022,684,620.460022,656.950012,656.950012,82990300
12-07-2021,662.200012,693.280029,637.880005,644.219971,644.219971,105114900
19-07-2021,629.890015,664.859985,621.289978,643.380005,643.380005,80448100
26-07-2021,650.969971,697.530029,627.23999,687.200012,687.200012,134151600
02-08-2021,700,726.940002,697.630005,699.099976,699.099976,100734500
09-08-2021,710.169983,729.900024,699.400024,717.169983,717.169983,72106200
16-08-2021,705.070007,709.5,648.840027,680.26001,680.26001,95843400
23-08-2021,685.440002,716.969971,680.75,711.919983,711.919983,72970000
30-08-2021,714.719971,741.98999,712.72998,733.570007,733.570007,80687300
06-09-2021,740,764.450012,734.52002,736.27002,736.27002,68024800
13-09-2021,740.210022,761.039978,708.849976,759.48999,759.48999,98962700
20-09-2021,734.559998,774.799988,718.619995,774.390015,774.390015,89535200
27-09-2021,773.119995,799,763.590027,775.219971,775.219971,109382400
04-10-2021,796.5,806.969971,773.219971,785.48999,785.48999,99455600
11-10-2021,787.650024,843.210022,785.5,843.030029,843.030029,81405600
18-10-2021,851.789978,910,851.469971,909.679993,909.679993,109982700
25-10-2021,950.530029,1115.209961,944.200012,1114,1114,220925200
01-11-2021,1145,1243.48999,1118.660034,1222.089966,1222.089966,180392300
08-11-2021,1149.790039,1197,987.309998,1033.420044,1033.420044,182933100
15-11-2021,1017.630005,1138.719971,978.599976,1137.060059,1137.060059,135304600
22-11-2021,1162.329956,1201.949951,1062,1081.920044,1081.920044,103485300
29-11-2021,1100.98999,1172.839966,1000.210022,1014.969971,1014.969971,124441200
06-12-2021,1001.51001,1072.380005,950.5,1017.030029,1017.030029,99552500
13-12-2021,1001.090027,1005,909.039978,932.570007,932.570007,135926600
20-12-2021,910.700012,1072.97998,886.119995,1067,1067,104781800
27-12-2021,1073.670044,1119,1053.150024,1056.780029,1056.780029,91799500
03-01-2022,1147.75,1208,1010,1026.959961,1026.959961,152797700
10-01-2022,1000,1115.599976,980,1049.609985,1049.609985,137189000
17-01-2022,1026.609985,1070.790039,940.5,943.900024,943.900024,105363500
24-01-2022,904.76001,987.690002,792.01001,846.349976,846.349976,208309200
31-01-2022,872.710022,943.700012,862.049988,923.320007,923.320007,132213500
07-02-2022,923.789978,947.77002,850.700012,860,860,103196000
14-02-2022,861.570007,898.880005,853.150024,875.76001,875.76001,22585500
